{
  "pretrained": {
    "loss": 0.2889848467967813,
    "acc": 0.88,
    "accuracy": 0.88,
    "auc": 0.9492555825060638,
    "tn": 885,
    "fp": 130,
    "fn": 110,
    "tp": 875
  },
  "scratch": {
    "loss": 0.4216750377700442,
    "acc": 0.8165,
    "accuracy": 0.8165,
    "auc": 0.8868665449726189,
    "tn": 716,
    "fp": 299,
    "fn": 68,
    "tp": 917
  }
}