{
  "pretrained": {
    "loss": 0.324282065270439,
    "loss_denorm": 853.238796532457
  },
  "scratch": {
    "loss": 0.5037172467462601,
    "loss_denorm": 1325.3619100026146
  }
}