{
  "pretrained": {
    "loss": 0.9143154999566456,
    "loss_denorm": 10714.578757249821
  },
  "scratch": {
    "loss": 1.086907835706832,
    "loss_denorm": 12737.134619401084
  }
}