{
  "pretrained": {
    "loss": 0.2806695445425927,
    "acc": 0.8905,
    "accuracy": 0.8905,
    "auc": 0.9480263059188317,
    "tn": 844,
    "fp": 171,
    "fn": 48,
    "tp": 937
  },
  "scratch": {
    "loss": 0.4128850398082582,
    "acc": 0.819,
    "accuracy": 0.819,
    "auc": 0.8850921457327897,
    "tn": 755,
    "fp": 260,
    "fn": 102,
    "tp": 883
  }
}