{
  "pretrained": {
    "loss": 0.34783727380018387,
    "loss_denorm": 915.2163769491518
  },
  "scratch": {
    "loss": 0.4853190758398601,
    "loss_denorm": 1276.9533333843438
  }
}