{
  "pretrained": {
    "loss": 0.7927778060474093,
    "loss_denorm": 9290.316351737958
  },
  "scratch": {
    "loss": 1.0588583075810993,
    "loss_denorm": 12408.430929896631
  }
}