{
  "pretrained": {
    "loss": 0.27972393660318284,
    "acc": 0.8865,
    "accuracy": 0.8865,
    "auc": 0.9478832737365908,
    "tn": 857,
    "fp": 158,
    "fn": 69,
    "tp": 916
  },
  "scratch": {
    "loss": 0.43532551777741263,
    "acc": 0.8015,
    "accuracy": 0.8015,
    "auc": 0.8709244580030506,
    "tn": 709,
    "fp": 306,
    "fn": 91,
    "tp": 894
  }
}