{
  "pretrained": {
    "loss": 0.36567384501298267,
    "loss_denorm": 962.147293536173
  },
  "scratch": {
    "loss": 0.469854159251092,
    "loss_denorm": 1236.2626254117304
  }
}