{
  "pretrained": {
    "loss": 0.8467167242178841,
    "loss_denorm": 9922.409744932986
  },
  "scratch": {
    "loss": 1.0199208363654122,
    "loss_denorm": 11952.13482426525
  }
}