{
  "run_name": "linear_deeper_mask60_bs16_p5_dim256_d8_h8_lr6e-05_wd0.0001_ep100_seed67",
  "run_dir": "checkpoints/linear_deeper_mask60_bs16_p5_dim256_d8_h8_lr6e-05_wd0.0001_ep100_seed67",
  "mask_ratio": 0.6,
  "batch_size": 16,
  "patch": 5,
  "dim": 256,
  "depth": 8,
  "heads": 8,
  "lr": 6e-05,
  "weight_decay": 0.0001,
  "seed": 67,
  "best_val_loss": 0.7576918389568937,
  "final_train_loss": 0.7529356842826599,
  "final_val_loss": 0.7625330363182311,
  "epochs": 100,
  "status": "completed"
}