{
  "pretrained": {
    "loss": 0.29152856542477534,
    "acc": 0.885,
    "accuracy": 0.885,
    "auc": 0.9462779125303193,
    "tn": 884,
    "fp": 131,
    "fn": 99,
    "tp": 886
  },
  "scratch": {
    "loss": 0.44808286475756814,
    "acc": 0.8,
    "accuracy": 0.8,
    "auc": 0.8705918831737142,
    "tn": 698,
    "fp": 317,
    "fn": 83,
    "tp": 902
  }
}