{
  "pretrained": {
    "loss": 0.3481627025064968,
    "loss_denorm": 916.0726327445502
  },
  "scratch": {
    "loss": 0.47104329414783963,
    "loss_denorm": 1239.3914325117148
  }
}