{
  "pretrained": {
    "loss": 0.8601434443678174,
    "loss_denorm": 10079.75329921467
  },
  "scratch": {
    "loss": 1.0465851657920413,
    "loss_denorm": 12264.605801367155
  }
}