{
  "pretrained": {
    "loss": 0.355091357041919,
    "acc": 0.845,
    "accuracy": 0.845,
    "auc": 0.9203105698782225,
    "tn": 808,
    "fp": 207,
    "fn": 103,
    "tp": 882
  },
  "scratch": {
    "loss": 0.39871645706986625,
    "acc": 0.8275,
    "accuracy": 0.8275,
    "auc": 0.9006226400940212,
    "tn": 782,
    "fp": 233,
    "fn": 112,
    "tp": 873
  }
}