{
  "pretrained": {
    "loss": 0.5575857912264173,
    "loss_denorm": 1467.0988020039447
  },
  "scratch": {
    "loss": 0.5836724880195799,
    "loss_denorm": 1535.7371393068192
  }
}