{
  "pretrained": {
    "loss": 1.1391381626091306,
    "loss_denorm": 13349.205563334679
  },
  "scratch": {
    "loss": 1.1608756567750658,
    "loss_denorm": 13603.94049152655
  }
}