{
  "pretrained": {
    "loss": 0.31016033544899924,
    "acc": 0.8765,
    "accuracy": 0.8765,
    "auc": 0.9363116701257784,
    "tn": 851,
    "fp": 164,
    "fn": 83,
    "tp": 902
  },
  "scratch": {
    "loss": 0.40237249055552105,
    "acc": 0.8255,
    "accuracy": 0.8255,
    "auc": 0.889361106248906,
    "tn": 764,
    "fp": 251,
    "fn": 98,
    "tp": 887
  }
}