{
  "pretrained": {
    "loss": 0.3947012120532611,
    "loss_denorm": 1038.523011999968
  },
  "scratch": {
    "loss": 0.4795578850640191,
    "loss_denorm": 1261.79470449109
  }
}