{
  "pretrained": {
    "loss": 0.9151034773815245,
    "loss_denorm": 10723.812819428795
  },
  "scratch": {
    "loss": 1.0758832248430403,
    "loss_denorm": 12607.9406361713
  }
}