{
  "pretrained": {
    "loss": 0.2978388165670728,
    "acc": 0.8785,
    "accuracy": 0.8785,
    "auc": 0.9440614138181092,
    "tn": 831,
    "fp": 184,
    "fn": 59,
    "tp": 926
  },
  "scratch": {
    "loss": 0.449292502706013,
    "acc": 0.799,
    "accuracy": 0.799,
    "auc": 0.8646225400715161,
    "tn": 734,
    "fp": 281,
    "fn": 121,
    "tp": 864
  }
}