{
  "pretrained": {
    "loss": 0.3311793361864393,
    "loss_denorm": 871.3866368418447
  },
  "scratch": {
    "loss": 0.48583890474031843,
    "loss_denorm": 1278.3210876727592
  }
}