{
  "pretrained": {
    "loss": 0.8216273980954337,
    "loss_denorm": 9628.395741322562
  },
  "scratch": {
    "loss": 1.0253907044728596,
    "loss_denorm": 12016.234506083827
  }
}