{
  "pretrained": {
    "loss": 0.3184836423468022,
    "acc": 0.871,
    "accuracy": 0.871,
    "auc": 0.9382511064989623,
    "tn": 826,
    "fp": 189,
    "fn": 69,
    "tp": 916
  },
  "scratch": {
    "loss": 0.4255568654764266,
    "acc": 0.8145,
    "accuracy": 0.8145,
    "auc": 0.8812192743367256,
    "tn": 720,
    "fp": 295,
    "fn": 76,
    "tp": 909
  }
}