{
  "pretrained": {
    "loss": 0.4411827377856724,
    "loss_denorm": 1160.823457582243
  },
  "scratch": {
    "loss": 0.4761515867615503,
    "loss_denorm": 1252.8321802706857
  }
}