{
  "pretrained": {
    "loss": 0.9508459364611005,
    "loss_denorm": 11142.667572305734
  },
  "scratch": {
    "loss": 1.0364287694295247,
    "loss_denorm": 12145.586153640315
  }
}