{
  "pretrained": {
    "loss": 0.30471662396476384,
    "acc": 0.874,
    "accuracy": 0.874,
    "auc": 0.9420159535895576,
    "tn": 830,
    "fp": 185,
    "fn": 67,
    "tp": 918
  },
  "scratch": {
    "loss": 0.4238466674846316,
    "acc": 0.811,
    "accuracy": 0.811,
    "auc": 0.8789777699982496,
    "tn": 732,
    "fp": 283,
    "fn": 95,
    "tp": 890
  }
}