{
  "pretrained": {
    "loss": 0.3608567946487003,
    "loss_denorm": 949.4728514506113
  },
  "scratch": {
    "loss": 0.47166283192142605,
    "loss_denorm": 1241.0215370440158
  }
}