{
  "pretrained": {
    "loss": 0.8525118908238789,
    "loss_denorm": 9990.321498604733
  },
  "scratch": {
    "loss": 1.060167953608528,
    "loss_denorm": 12423.778264056085
  }
}