{
  "run_name": "linear_wide_mask60_bs16_p5_dim320_d4_h10_lr8e-05_wd0.0001_ep100_seed67",
  "run_dir": "checkpoints/linear_wide_mask60_bs16_p5_dim320_d4_h10_lr8e-05_wd0.0001_ep100_seed67",
  "mask_ratio": 0.6,
  "batch_size": 16,
  "patch": 5,
  "dim": 320,
  "depth": 4,
  "heads": 10,
  "lr": 8e-05,
  "weight_decay": 0.0001,
  "seed": 67,
  "best_val_loss": 0.7608173048876702,
  "final_train_loss": 0.7574250624315678,
  "final_val_loss": 0.7631356005973005,
  "epochs": 100,
  "status": "completed"
}