{
  "pretrained": {
    "loss": 0.30903730707036126,
    "acc": 0.876,
    "accuracy": 0.876,
    "auc": 0.9409557150358832,
    "tn": 876,
    "fp": 139,
    "fn": 109,
    "tp": 876
  },
  "scratch": {
    "loss": 0.42017331743051134,
    "acc": 0.814,
    "accuracy": 0.814,
    "auc": 0.8833717586456953,
    "tn": 727,
    "fp": 288,
    "fn": 84,
    "tp": 901
  }
}