{
  "pretrained": {
    "loss": 0.35563329902906266,
    "loss_denorm": 935.7289858671869
  },
  "scratch": {
    "loss": 0.44492266575495404,
    "loss_denorm": 1170.6638156574475
  }
}