{
  "pretrained": {
    "loss": 0.8381191075794281,
    "loss_denorm": 9821.65695161192
  },
  "scratch": {
    "loss": 1.0537979579161083,
    "loss_denorm": 12349.130267239878
  }
}