{
  "pretrained": {
    "loss": 0.30523116626436747,
    "acc": 0.877,
    "accuracy": 0.877,
    "auc": 0.940848690955465,
    "tn": 853,
    "fp": 162,
    "fn": 84,
    "tp": 901
  },
  "scratch": {
    "loss": 0.4245456303395922,
    "acc": 0.819,
    "accuracy": 0.819,
    "auc": 0.8791298042059464,
    "tn": 751,
    "fp": 264,
    "fn": 98,
    "tp": 887
  }
}