{
  "pretrained": {
    "loss": 0.383498828444216,
    "loss_denorm": 1009.0477207873465
  },
  "scratch": {
    "loss": 0.4648431305374418,
    "loss_denorm": 1223.0777947752943
  }
}