{
  "pretrained": {
    "loss": 0.9422135932577981,
    "loss_denorm": 11041.507829180107
  },
  "scratch": {
    "loss": 1.0725210365794955,
    "loss_denorm": 12568.540198414137
  }
}