{
  "pretrained": {
    "loss": 0.3002058799777712,
    "acc": 0.877,
    "accuracy": 0.877,
    "auc": 0.9413307994298717,
    "tn": 876,
    "fp": 139,
    "fn": 107,
    "tp": 878
  },
  "scratch": {
    "loss": 0.4140469320709743,
    "acc": 0.819,
    "accuracy": 0.819,
    "auc": 0.8848870995974095,
    "tn": 731,
    "fp": 284,
    "fn": 78,
    "tp": 907
  }
}