{
  "pretrained": {
    "loss": 0.3865627393363014,
    "loss_denorm": 1017.1093681068351
  },
  "scratch": {
    "loss": 0.4645638600701377,
    "loss_denorm": 1222.3429888055875
  }
}