{
  "pretrained": {
    "loss": 0.9751589487469385,
    "loss_denorm": 11427.584195697711
  },
  "scratch": {
    "loss": 1.0723612237544287,
    "loss_denorm": 12566.667401659977
  }
}