{
  "checkpoint": "linear_midmask_bigbatch_mask50_bs48_p5_dim256_d4_h8_lr0.0001_wd0.0001_ep100_seed67",
  "tasks": {
    "cls": {
      "pretrained": {
        "loss": 0.3002058799777712,
        "acc": 0.877,
        "accuracy": 0.877,
        "auc": 0.9413307994298717,
        "tn": 876,
        "fp": 139,
        "fn": 107,
        "tp": 878
      },
      "scratch": {
        "loss": 0.4140469320709743,
        "acc": 0.819,
        "accuracy": 0.819,
        "auc": 0.8848870995974095,
        "tn": 731,
        "fp": 284,
        "fn": 78,
        "tp": 907
      }
    },
    "mass": {
      "pretrained": {
        "loss": 0.3865627393363014,
        "loss_denorm": 1017.1093681068351
      },
      "scratch": {
        "loss": 0.4645638600701377,
        "loss_denorm": 1222.3429888055875
      }
    },
    "pt": {
      "pretrained": {
        "loss": 0.9751589487469385,
        "loss_denorm": 11427.584195697711
      },
      "scratch": {
        "loss": 1.0723612237544287,
        "loss_denorm": 12566.667401659977
      }
    }
  },
  "hyperparams": {
    "name": "linear_midmask_bigbatch",
    "mask_ratio": 0.5,
    "batch_size": 48,
    "dim": 256,
    "depth": 4,
    "heads": 8,
    "patch": 5,
    "lr": 0.0001,
    "weight_decay": 0.0001,
    "epochs": 100,
    "val_frac": 0.05,
    "grad_clip": 1.0,
    "seed": 67
  }
}