{
  "pretrained": {
    "loss": 0.28718329977894586,
    "acc": 0.8835,
    "accuracy": 0.8835,
    "auc": 0.9462168988022306,
    "tn": 878,
    "fp": 137,
    "fn": 96,
    "tp": 889
  },
  "scratch": {
    "loss": 0.43992505470911664,
    "acc": 0.7945,
    "accuracy": 0.7945,
    "auc": 0.8726073366507465,
    "tn": 668,
    "fp": 347,
    "fn": 64,
    "tp": 921
  }
}