{
  "pretrained": {
    "loss": 0.381746393111017,
    "loss_denorm": 1004.4367787253713
  },
  "scratch": {
    "loss": 0.48903862871820963,
    "loss_denorm": 1286.7400812851722
  }
}