{
  "pretrained": {
    "loss": 0.8933834620411434,
    "loss_denorm": 10469.28272015319
  },
  "scratch": {
    "loss": 1.0573730634318457,
    "loss_denorm": 12391.025816003585
  }
}